﻿lang, de
id, german name
0, groesste Parameter-Nr.
3, device type
4, hardware version
5, software version
6, software build number
7, software build date
8, software tool version
124, Überstromschwelle
11, Netz-Nennspannung
14, Messbereich Netzspannung
36, Messbereich Udc
12, Netz-Nennfrequenz
21, Umrichter-Nennstrom
9, Passcode
22, Messbereich Umrichterstrom
13, Messbereich DC-Strom
25, Induktivität Netzdrossel
27, Transiente Induktivität Netzdrossel
31, Zwischenkreis-Nennspannung
32, Max. Zwischenkreisspannung
33, Zwischenkreis-Tripspannung +
34, Zwischenkreis-Tripspannung -
37, min. V_DC start
35, Zwischenkreiskapazität
705, TSP Trigger Pegel
702, TSP Statuswort
701, TSP Steuerwort
706, TSP Trigger Bedingung
704, TSP Abtastintervall
703, TSP Kanalanzahl
707, TSP Trigger Verzögerung
709, TSP Zeitbasis
710, TSP (Trigger)Kanal 1 Parameter Nr.
711, TSP Kanal 2 Parameter Nr.
712, TSP Kanal 3 Parameter Nr.
713, TSP Kanal 4 Parameter Nr.
714, TSP Kanal 5 Parameter Nr.
715, TSP Kanal 6 Parameter Nr.
716, TSP Kanal 7 Parameter Nr.
717, TSP Kanal 8 Parameter Nr.
708, TSP Speichergröße
146, Testmode
131, i16_Test1
132, i16_Test2
133, i16_Test3
134, i16_Test4
135, i16_Test5
136, i16_Test6
137, i16_Test7
138, i16_Test8
139, i16_Test9
140, i16_Test10
141, i16_Test11
142, i16_Test12
143, i16_Test13
51, Netzspannung
78, Umrichterspannung
73, Netzspannung L1
74, Netzspannung L2
75, Netzspannung L3
52, Netzfrequenz
53, Zwischenkreisspannung
54, Ausgangsstrom
76, Wirkleistung
687, DC Wirkleistung
77, Blindleistung
56, Digitale Eingänge
57, Digitale Ausgänge
471, Analogeingang 0
472, Analogeingang 1
473, Analogeingang 2
474, Analogeingang 3
475, Analogeingang 4
476, Analogeingang 5
477, Analogeingang 6
478, Analogeingang 7
479, Analogeingang 8
480, Analogeingang 9
481, Analogeingang 10
482, Analogeingang 11
483, Analogeingang 12
484, Analogeingang 13
485, Analogeingang 14
486, Analogeingang 15
487, Analogeingang 16
488, Analogeingang 17
489, Analogeingang 18
490, Analogeingang 19
491, Analogeingang 20
492, Analogeingang 21
92, Software Fehlercode
93.00, Hardware Fehlercode
97.00, DigIn Fehlercode
96, Parameter Fehlercode
69, Zustand Umrichter
91, Zustandsfehlercode
109, Steuerquelle
49, Sollwertquelle
102, Fehlerreset
101, Force digital outputs
106, Start AC
113, Start DC
107, PWM enable
103, Steuerung Vorladung
104, Steuerung Lüfter
105, Steuerung Hauptschütz
110, Steuerung DC cont.
111, Steuerung Res1
112, Steuerung Res2
114, Steuerung Heater
115, Steuerung Valve
68, Betriebszustand
144, Sollwert 1
145, Sollwert 2
41, Sollwert Blindleistung
44, Maximum Blindleistung
47, Maximum Wirkleistung
42, Sollwert Cos(phi)
43, Modus Q
247, I-Verstärkung Spannungsregler
246, P-Verstärkung Spannungsregler
443, I-Verstärkung Stromregler
442, P-Verstärkung Stromregler
464, PWM Basisfrequenz
242, Sollwert Wirkleistung
243, Frequenzsollwert
245, Sollwert aktivieren
761, Jahr
762, Monat
764, Tag
763, Wochentag
765, Stunde
766, Minute
767, Sekunde
770, RTC Zeit setzen
761, Jahr
762, Monat
764, Tag
763, Wochentag
765, Stunde
766, Minute
767, Sekunde
768, RTC Zeit
681, PV Spannung 1
682, PV Spannung 2
683, PV Spannung 3
684, PV Strom 1
685, PV Strom 2
686, PV Strom 3
830, HW Maske setzen
